0,0
0,0.5
0.25,1
0.5,0.5
0.75,1
1,0.5
1.25,1
1.5,0.5
1.75,1
2,0.5
2.25,1
2.5,0.5
2.75,1
3,0.5
3.25,1
3.5,0.5
3.75,1
4,0.5
4,0
0,0.25
0.125,0.75
0.375,0.75
0.625,0.75
0.875,0.75
1.125,0.75
1.375,0.75
1.625,0.75
1.875,0.75
2.125,0.75
2.375,0.75
2.625,0.75
2.875,0.75
3.125,0.75
3.375,0.75
3.625,0.75
3.875,0.75
4,0.25
3.6,0
3.2,0
2.8,0
2.4,0
2,0
1.6,0
1.2,0
0.8,0
0.4,0
1.7819,0.29778
2.2181,0.29778
1.3853,0.26005
2.6147,0.26005
3.3806,0.26005
0.61944,0.26005
0.25485,0.29425
3.7451,0.29425
1.0023,0.28269
2.9977,0.28269
3.2292,0.50662
2.7681,0.50577
1.2319,0.50577
0.77076,0.50662
3.75,0.55718
2.2443,0.55718
1.7557,0.55718
0.25,0.55718
0,0.125
0,0.375
0.0625,0.625
0.1875,0.875
0.3125,0.875
0.4375,0.625
0.5625,0.625
0.6875,0.875
0.8125,0.875
0.9375,0.625
1.0625,0.625
1.1875,0.875
1.3125,0.875
1.4375,0.625
1.5625,0.625
1.6875,0.875
1.8125,0.875
1.9375,0.625
2.0625,0.625
2.1875,0.875
2.3125,0.875
2.4375,0.625
2.5625,0.625
2.6875,0.875
2.8125,0.875
2.9375,0.625
3.0625,0.625
3.1875,0.875
3.3125,0.875
3.4375,0.625
3.5625,0.625
3.6875,0.875
3.8125,0.875
3.9375,0.625
4,0.375
4,0.125
3.8,0
3.4,0
3,0
2.6,0
2.2,0
1.8,0
1.4,0
1,0
0.6,0
0.2,0
0.25,0.75
0.75,0.75
1.25,0.75
1.75,0.75
2.25,0.75
2.75,0.75
3.25,0.75
3.75,0.75
1.6409,0.39889
1.8909,0.39889
1.8909,0.14889
1.6909,0.14889
2.1091,0.39889
2.3591,0.39889
2.3091,0.14889
2.1091,0.14889
2,0.29778
1.4427,0.38002
1.4927,0.13002
1.2927,0.13002
1.5836,0.27891
2.5573,0.38002
2.7073,0.13002
2.5073,0.13002
2.4164,0.27891
3.4403,0.38002
3.4903,0.13002
3.2903,0.13002
0.55972,0.38002
0.70972,0.13002
0.50972,0.13002
0.12743,0.14712
0.12743,0.39712
0.37743,0.39712
0.12743,0.27212
0.32743,0.14712
0.43715,0.27715
3.6226,0.39712
3.8726,0.39712
3.8726,0.14712
3.8726,0.27212
3.6726,0.14712
3.5629,0.27715
1.0012,0.39135
1.1012,0.14135
0.90116,0.14135
1.1938,0.27137
0.81088,0.27137
2.9988,0.39135
3.0988,0.14135
2.8988,0.14135
2.8062,0.27137
3.1891,0.27137
3.1146,0.50331
3.3646,0.50331
3.1771,0.62831
3.3021,0.62831
3.3049,0.38333
3.1135,0.39465
2.634,0.50288
2.884,0.50288
2.6965,0.62788
2.8215,0.62788
2.6914,0.38291
2.8829,0.39423
1.116,0.50288
1.366,0.50288
1.1785,0.62788
1.3035,0.62788
1.3086,0.38291
1.1171,0.39423
0.63538,0.50331
0.88538,0.50331
0.69788,0.62831
0.82288,0.62831
0.6951,0.38333
0.88654,0.39465
3.625,0.52859
3.875,0.52859
3.6875,0.65359
3.8125,0.65359
3.7476,0.42571
2.1221,0.52859
2.3721,0.52859
2.1846,0.65359
2.3096,0.65359
2.2312,0.42748
1.6279,0.52859
1.8779,0.52859
1.6904,0.65359
1.8154,0.65359
1.7688,0.42748
0.125,0.52859
0.375,0.52859
0.1875,0.65359
0.3125,0.65359
0.25243,0.42571
0,0.0625
0,0.3125
0.03125,0.5625
0.15625,0.8125
0.28125,0.9375
0.40625,0.6875
0.53125,0.5625
0.65625,0.8125
0.78125,0.9375
0.90625,0.6875
1.0312,0.5625
1.1562,0.8125
1.2812,0.9375
1.4062,0.6875
1.5312,0.5625
1.6562,0.8125
1.7812,0.9375
1.9062,0.6875
2.0312,0.5625
2.1562,0.8125
2.2812,0.9375
2.4062,0.6875
2.5312,0.5625
2.6562,0.8125
2.7812,0.9375
2.9062,0.6875
3.0312,0.5625
3.1562,0.8125
3.2812,0.9375
3.4062,0.6875
3.5312,0.5625
3.6562,0.8125
3.7812,0.9375
3.9062,0.6875
4,0.4375
4,0.1875
3.9,0
3.5,0
3.1,0
2.7,0
2.3,0
1.9,0
1.5,0
1.1,0
0.7,0
0.3,0
0,0.1875
0,0.4375
0.09375,0.6875
0.21875,0.9375
0.34375,0.8125
0.46875,0.5625
0.59375,0.6875
0.71875,0.9375
0.84375,0.8125
0.96875,0.5625
1.0938,0.6875
1.2188,0.9375
1.3438,0.8125
1.4688,0.5625
1.5938,0.6875
1.7188,0.9375
1.8438,0.8125
1.9688,0.5625
2.0938,0.6875
2.2188,0.9375
2.3438,0.8125
2.4688,0.5625
2.5938,0.6875
2.7188,0.9375
2.8438,0.8125
2.9688,0.5625
3.0938,0.6875
3.2188,0.9375
3.3438,0.8125
3.4688,0.5625
3.5938,0.6875
3.7188,0.9375
3.8438,0.8125
3.9688,0.5625
4,0.3125
4,0.0625
3.7,0
3.3,0
2.9,0
2.5,0
2.1,0
1.7,0
1.3,0
0.9,0
0.5,0
0.1,0
0.25,0.875
0.75,0.875
1.25,0.875
1.75,0.875
2.25,0.875
2.75,0.875
3.25,0.875
3.75,0.875
0.1875,0.75
0.3125,0.75
0.21875,0.8125
0.28125,0.8125
0.6875,0.75
0.8125,0.75
0.71875,0.8125
0.78125,0.8125
1.1875,0.75
1.3125,0.75
1.2188,0.8125
1.2812,0.8125
1.6875,0.75
1.8125,0.75
1.7188,0.8125
1.7812,0.8125
2.1875,0.75
2.3125,0.75
2.2188,0.8125
2.2812,0.8125
2.6875,0.75
2.8125,0.75
2.7188,0.8125
2.7812,0.8125
3.1875,0.75
3.3125,0.75
3.2188,0.8125
3.2812,0.8125
3.6875,0.75
3.8125,0.75
3.7188,0.8125
3.7812,0.8125
1.5705,0.44944
1.7114,0.34833
1.9455,0.44944
1.8364,0.34833
1.9455,0.074444
1.8364,0.22333
1.8455,0.074444
1.6455,0.074444
1.7364,0.22333
1.7455,0.074444
1.7909,0.14889
2.0545,0.44944
2.1636,0.34833
2,0.39889
2.4295,0.44944
2.2886,0.34833
2.3545,0.074444
2.2636,0.22333
2.2545,0.074444
2.0545,0.074444
2.1636,0.22333
2.1545,0.074444
2,0.14889
2.2091,0.14889
1.8909,0.29778
2.1091,0.29778
1.9455,0.34833
1.9455,0.22333
2.0545,0.34833
2.0545,0.22333
1.4713,0.44001
1.414,0.32004
1.5418,0.38946
1.5463,0.065012
1.439,0.19504
1.4463,0.065012
1.5918,0.13946
1.2463,0.065012
1.339,0.19504
1.3463,0.065012
1.3927,0.13002
1.6827,0.28834
1.4845,0.26948
1.6123,0.3389
1.6373,0.2139
1.5131,0.32947
1.5381,0.20447
2.5287,0.44001
2.586,0.32004
2.4582,0.38946
2.7537,0.065012
2.661,0.19504
2.6537,0.065012
2.4537,0.065012
2.561,0.19504
2.5537,0.065012
2.4082,0.13946
2.6073,0.13002
2.3173,0.28834
2.5155,0.26948
2.3877,0.3389
2.3627,0.2139
2.4869,0.32947
2.4619,0.20447
3.4701,0.44001
3.4104,0.32004
3.5451,0.065012
3.4354,0.19504
3.4451,0.065012
3.2451,0.065012
3.3354,0.19504
3.3451,0.065012
3.3903,0.13002
0.52986,0.44001
0.58958,0.32004
0.75486,0.065012
0.66458,0.19504
0.65486,0.065012
0.45486,0.065012
0.56458,0.19504
0.55486,0.065012
0.60972,0.13002
0.063714,0.073562
0.19114,0.22069
0.063714,0.13606
0.16371,0.073562
0.063714,0.44856
0.19114,0.34569
0.063714,0.38606
0.43871,0.44856
0.31614,0.34569
0.46857,0.38857
0.063714,0.26106
0.19114,0.28319
0.063714,0.19856
0.063714,0.32356
0.12743,0.20962
0.12743,0.33462
0.36371,0.073562
0.29114,0.22069
0.26371,0.073562
0.41857,0.13857
0.22743,0.14712
0.5283,0.2686
0.346,0.2857
0.49844,0.32859
0.47344,0.20359
0.40729,0.33714
0.38229,0.21214
3.5613,0.44856
3.6839,0.34569
3.5314,0.38857
3.9363,0.44856
3.8089,0.34569
3.9363,0.38606
3.9363,0.073562
3.8089,0.22069
3.9363,0.13606
3.8363,0.073562
3.9363,0.26106
3.8089,0.28319
3.9363,0.32356
3.9363,0.19856
3.8726,0.33462
3.8726,0.20962
3.6363,0.073562
3.7089,0.22069
3.7363,0.073562
3.5814,0.13857
3.7726,0.14712
3.4717,0.2686
3.654,0.2857
3.5016,0.32859
3.5266,0.20359
3.5927,0.33714
3.6177,0.21214
1.0006,0.44567
1.0017,0.33702
1.1506,0.070673
1.0517,0.21202
1.0506,0.070673
1.1969,0.13569
0.85058,0.070673
0.95174,0.21202
0.95058,0.070673
0.80544,0.13569
1.0012,0.14135
1.2896,0.26571
1.0981,0.27703
1.2432,0.2007
1.1475,0.20636
0.71516,0.26571
0.9066,0.27703
0.7603,0.2007
0.85602,0.20636
2.9994,0.44567
2.9983,0.33702
3.1494,0.070673
3.0483,0.21202
3.0494,0.070673
3.1946,0.13569
2.8494,0.070673
2.9483,0.21202
2.9494,0.070673
2.8031,0.13569
2.9988,0.14135
2.7104,0.26571
2.9019,0.27703
2.7568,0.2007
2.8525,0.20636
3.2848,0.26571
3.0934,0.27703
3.2397,0.2007
3.144,0.20636
3.0573,0.50165
3.1719,0.50496
3.0886,0.56415
3.0567,0.44733
3.4323,0.50165
3.2969,0.50496
3.4011,0.56415
3.4024,0.44167
3.1511,0.68915
3.2032,0.56746
3.1198,0.62665
3.2136,0.68915
3.1459,0.56581
3.3386,0.68915
3.2657,0.56746
3.3698,0.62665
3.2761,0.68915
3.3334,0.56581
3.2396,0.62831
3.3427,0.32169
3.2671,0.44498
3.3726,0.38168
3.247,0.32735
3.3348,0.44332
3.0556,0.33867
3.1714,0.45064
3.0562,0.393
3.1513,0.33301
3.114,0.44898
3.2092,0.38899
2.567,0.50144
2.701,0.50433
2.5983,0.56394
2.5957,0.44145
2.942,0.50144
2.826,0.50433
2.9108,0.56394
2.9414,0.44712
2.6608,0.68894
2.7323,0.56683
2.6295,0.62644
2.7233,0.68894
2.6653,0.56538
2.8483,0.68894
2.7948,0.56683
2.8795,0.62644
2.7858,0.68894
2.8528,0.56538
2.759,0.62788
2.653,0.32148
2.7297,0.44434
2.6244,0.38147
2.7488,0.32714
2.6627,0.4429
2.9403,0.33846
2.8255,0.45
2.9409,0.39279
2.8445,0.3328
2.8834,0.44856
2.7871,0.38857
1.058,0.50144
1.174,0.50433
1.0892,0.56394
1.0586,0.44712
1.433,0.50144
1.299,0.50433
1.4017,0.56394
1.4043,0.44145
1.1517,0.68894
1.2052,0.56683
1.1205,0.62644
1.2142,0.68894
1.1472,0.56538
1.3392,0.68894
1.2677,0.56683
1.3705,0.62644
1.2767,0.68894
1.3347,0.56538
1.241,0.62788
1.347,0.32148
1.2703,0.44434
1.3756,0.38147
1.2512,0.32714
1.3373,0.4429
1.0597,0.33846
1.1745,0.45
1.0591,0.39279
1.1555,0.3328
1.1166,0.44856
1.2129,0.38857
0.56769,0.50165
0.70307,0.50496
0.59894,0.56415
0.59755,0.44167
0.94269,0.50165
0.82807,0.50496
0.91144,0.56415
0.94327,0.44733
0.66144,0.68915
0.73432,0.56746
0.63019,0.62665
0.72394,0.68915
0.66663,0.56581
0.84894,0.68915
0.79682,0.56746
0.88019,0.62665
0.78644,0.68915
0.85413,0.56581
0.76038,0.62831
0.65727,0.32169
0.73293,0.44498
0.62741,0.38168
0.75299,0.32735
0.66524,0.44332
0.94443,0.33867
0.82865,0.45064
0.94385,0.393
0.84871,0.33301
0.88596,0.44898
0.79082,0.38899
3.5625,0.51429
3.6875,0.54288
3.5938,0.57679
3.6238,0.46286
3.9375,0.51429
3.8125,0.54288
3.9062,0.57679
3.8738,0.46286
3.6562,0.70179
3.7188,0.60538
3.625,0.63929
3.7188,0.70179
3.6562,0.59109
3.8438,0.70179
3.7812,0.60538
3.875,0.63929
3.7812,0.70179
3.8438,0.59109
3.75,0.65359
3.7464,0.35998
3.7488,0.49145
3.6851,0.41142
3.8101,0.41142
3.6863,0.47715
3.8113,0.47715
2.0611,0.51429
2.1832,0.54288
2.0923,0.57679
2.1156,0.46374
2.4361,0.51429
2.3082,0.54288
2.4048,0.57679
2.3656,0.46374
2.1548,0.70179
2.2145,0.60538
2.1236,0.63929
2.2173,0.70179
2.1534,0.59109
2.3423,0.70179
2.277,0.60538
2.3736,0.63929
2.2798,0.70179
2.3409,0.59109
2.2471,0.65359
2.2247,0.36263
2.2377,0.49233
2.1701,0.41318
2.2951,0.41318
2.1767,0.47803
2.3017,0.47803
1.5639,0.51429
1.6918,0.54288
1.5952,0.57679
1.6344,0.46374
1.9389,0.51429
1.8168,0.54288
1.9077,0.57679
1.8844,0.46374
1.6577,0.70179
1.723,0.60538
1.6264,0.63929
1.7202,0.70179
1.6591,0.59109
1.8452,0.70179
1.7855,0.60538
1.8764,0.63929
1.7827,0.70179
1.8466,0.59109
1.7529,0.65359
1.7753,0.36263
1.7623,0.49233
1.7049,0.41318
1.8299,0.41318
1.6983,0.47803
1.8233,0.47803
0.0625,0.51429
0.1875,0.54288
0.09375,0.57679
0.12621,0.46286
0.4375,0.51429
0.3125,0.54288
0.40625,0.57679
0.37621,0.46286
0.15625,0.70179
0.21875,0.60538
0.125,0.63929
0.21875,0.70179
0.15625,0.59109
0.34375,0.70179
0.28125,0.60538
0.375,0.63929
0.28125,0.70179
0.34375,0.59109
0.25,0.65359
0.25364,0.35998
0.25121,0.49145
0.18993,0.41142
0.31493,0.41142
0.18871,0.47715
0.31371,0.47715
0,0.03125
0,0.28125
0.015625,0.53125
0.14062,0.78125
0.26562,0.96875
0.39062,0.71875
0.51562,0.53125
0.64062,0.78125
0.76562,0.96875
0.89062,0.71875
1.0156,0.53125
1.1406,0.78125
1.2656,0.96875
1.3906,0.71875
1.5156,0.53125
1.6406,0.78125
1.7656,0.96875
1.8906,0.71875
2.0156,0.53125
2.1406,0.78125
2.2656,0.96875
2.3906,0.71875
2.5156,0.53125
2.6406,0.78125
2.7656,0.96875
2.8906,0.71875
3.0156,0.53125
3.1406,0.78125
3.2656,0.96875
3.3906,0.71875
3.5156,0.53125
3.6406,0.78125
3.7656,0.96875
3.8906,0.71875
4,0.46875
4,0.21875
3.95,0
3.55,0
3.15,0
2.75,0
2.35,0
1.95,0
1.55,0
1.15,0
0.75,0
0.35,0
0,0.15625
0,0.40625
0.078125,0.65625
0.20312,0.90625
0.32812,0.84375
0.45312,0.59375
0.57812,0.65625
0.70312,0.90625
0.82812,0.84375
0.95312,0.59375
1.0781,0.65625
1.2031,0.90625
1.3281,0.84375
1.4531,0.59375
1.5781,0.65625
1.7031,0.90625
1.8281,0.84375
1.9531,0.59375
2.0781,0.65625
2.2031,0.90625
2.3281,0.84375
2.4531,0.59375
2.5781,0.65625
2.7031,0.90625
2.8281,0.84375
2.9531,0.59375
3.0781,0.65625
3.2031,0.90625
3.3281,0.84375
3.4531,0.59375
3.5781,0.65625
3.7031,0.90625
3.8281,0.84375
3.9531,0.59375
4,0.34375
4,0.09375
3.75,0
3.35,0
2.95,0
2.55,0
2.15,0
1.75,0
1.35,0
0.95,0
0.55,0
0.15,0
0,0.09375
0,0.34375
0.046875,0.59375
0.17188,0.84375
0.29688,0.90625
0.42188,0.65625
0.54688,0.59375
0.67188,0.84375
0.79688,0.90625
0.92188,0.65625
1.0469,0.59375
1.1719,0.84375
1.2969,0.90625
1.4219,0.65625
1.5469,0.59375
1.6719,0.84375
1.7969,0.90625
1.9219,0.65625
2.0469,0.59375
2.1719,0.84375
2.2969,0.90625
2.4219,0.65625
2.5469,0.59375
2.6719,0.84375
2.7969,0.90625
2.9219,0.65625
3.0469,0.59375
3.1719,0.84375
3.2969,0.90625
3.4219,0.65625
3.5469,0.59375
3.6719,0.84375
3.7969,0.90625
3.9219,0.65625
4,0.40625
4,0.15625
3.85,0
3.45,0
3.05,0
2.65,0
2.25,0
1.85,0
1.45,0
1.05,0
0.65,0
0.25,0
0,0.21875
0,0.46875
0.10938,0.71875
0.23438,0.96875
0.35938,0.78125
0.48438,0.53125
0.60938,0.71875
0.73438,0.96875
0.85938,0.78125
0.98438,0.53125
1.1094,0.71875
1.2344,0.96875
1.3594,0.78125
1.4844,0.53125
1.6094,0.71875
1.7344,0.96875
1.8594,0.78125
1.9844,0.53125
2.1094,0.71875
2.2344,0.96875
2.3594,0.78125
2.4844,0.53125
2.6094,0.71875
2.7344,0.96875
2.8594,0.78125
2.9844,0.53125
3.1094,0.71875
3.2344,0.96875
3.3594,0.78125
3.4844,0.53125
3.6094,0.71875
3.7344,0.96875
3.8594,0.78125
3.9844,0.53125
4,0.28125
4,0.03125
3.65,0
3.25,0
2.85,0
2.45,0
2.05,0
1.65,0
1.25,0
0.85,0
0.45,0
0.05,0
0.25,0.9375
0.75,0.9375
1.25,0.9375
1.75,0.9375
2.25,0.9375
2.75,0.9375
3.25,0.9375
3.75,0.9375
0.21875,0.875
0.28125,0.875
0.26562,0.90625
0.23438,0.90625
0.71875,0.875
0.78125,0.875
0.76562,0.90625
0.73438,0.90625
1.2188,0.875
1.2812,0.875
1.2656,0.90625
1.2344,0.90625
1.7188,0.875
1.7812,0.875
1.7656,0.90625
1.7344,0.90625
2.2188,0.875
2.2812,0.875
2.2656,0.90625
2.2344,0.90625
2.7188,0.875
2.7812,0.875
2.7656,0.90625
2.7344,0.90625
3.2188,0.875
3.2812,0.875
3.2656,0.90625
3.2344,0.90625
3.7188,0.875
3.7812,0.875
3.7656,0.90625
3.7344,0.90625
0.15625,0.75
0.21875,0.75
0.17188,0.78125
0.34375,0.75
0.28125,0.75
0.32812,0.78125
0.20312,0.84375
0.23438,0.78125
0.1875,0.8125
0.23438,0.84375
0.20312,0.78125
0.29688,0.84375
0.26562,0.78125
0.3125,0.8125
0.26562,0.84375
0.29688,0.78125
0.25,0.8125
0.65625,0.75
0.71875,0.75
0.67188,0.78125
0.84375,0.75
0.78125,0.75
0.82812,0.78125
0.70312,0.84375
0.73438,0.78125
0.6875,0.8125
0.73438,0.84375
0.70312,0.78125
0.79688,0.84375
0.76562,0.78125
0.8125,0.8125
0.76562,0.84375
0.79688,0.78125
0.75,0.8125
1.1562,0.75
1.2188,0.75
1.1719,0.78125
1.3438,0.75
1.2812,0.75
1.3281,0.78125
1.2031,0.84375
1.2344,0.78125
1.1875,0.8125
1.2344,0.84375
1.2031,0.78125
1.2969,0.84375
1.2656,0.78125
1.3125,0.8125
1.2656,0.84375
1.2969,0.78125
1.25,0.8125
1.6562,0.75
1.7188,0.75
1.6719,0.78125
1.8438,0.75
1.7812,0.75
1.8281,0.78125
1.7031,0.84375
1.7344,0.78125
1.6875,0.8125
1.7344,0.84375
1.7031,0.78125
1.7969,0.84375
1.7656,0.78125
1.8125,0.8125
1.7656,0.84375
1.7969,0.78125
1.75,0.8125
2.1562,0.75
2.2188,0.75
2.1719,0.78125
2.3438,0.75
2.2812,0.75
2.3281,0.78125
2.2031,0.84375
2.2344,0.78125
2.1875,0.8125
2.2344,0.84375
2.2031,0.78125
2.2969,0.84375
2.2656,0.78125
2.3125,0.8125
2.2656,0.84375
2.2969,0.78125
2.25,0.8125
2.6562,0.75
2.7188,0.75
2.6719,0.78125
2.8438,0.75
2.7812,0.75
2.8281,0.78125
2.7031,0.84375
2.7344,0.78125
2.6875,0.8125
2.7344,0.84375
2.7031,0.78125
2.7969,0.84375
2.7656,0.78125
2.8125,0.8125
2.7656,0.84375
2.7969,0.78125
2.75,0.8125
3.1562,0.75
3.2188,0.75
3.1719,0.78125
3.3438,0.75
3.2812,0.75
3.3281,0.78125
3.2031,0.84375
3.2344,0.78125
3.1875,0.8125
3.2344,0.84375
3.2031,0.78125
3.2969,0.84375
3.2656,0.78125
3.3125,0.8125
3.2656,0.84375
3.2969,0.78125
3.25,0.8125
3.6562,0.75
3.7188,0.75
3.6719,0.78125
3.8438,0.75
3.7812,0.75
3.8281,0.78125
3.7031,0.84375
3.7344,0.78125
3.6875,0.8125
3.7344,0.84375
3.7031,0.78125
3.7969,0.84375
3.7656,0.78125
3.8125,0.8125
3.7656,0.84375
3.7969,0.78125
3.75,0.8125
1.5352,0.47472
1.6057,0.42417
1.7466,0.32305
1.6762,0.37361
1.9727,0.47472
1.9182,0.42417
1.8091,0.32305
1.8637,0.37361
1.9727,0.037222
1.9182,0.11167
1.9227,0.037222
1.8091,0.26055
1.8637,0.18611
1.8227,0.037222
1.8682,0.11167
1.8727,0.037222
1.8955,0.074444
1.6227,0.037222
1.6682,0.11167
1.6727,0.037222
1.7591,0.26055
1.7137,0.18611
1.7864,0.22333
1.7727,0.037222
1.7182,0.11167
1.7227,0.037222
1.7955,0.074444
1.6955,0.074444
1.8409,0.14889
1.7409,0.14889
1.8137,0.18611
1.8182,0.11167
1.7637,0.18611
1.7682,0.11167
2.0273,0.47472
2.0818,0.42417
2,0.44944
2.1909,0.32305
2.1363,0.37361
1.9455,0.39889
2.0545,0.39889
1.9727,0.42417
2.0273,0.42417
2.4648,0.47472
2.3943,0.42417
2.2534,0.32305
2.3238,0.37361
2.3773,0.037222
2.3318,0.11167
2.3273,0.037222
2.2409,0.26055
2.2863,0.18611
2.2273,0.037222
2.2818,0.11167
2.2773,0.037222
2.3045,0.074444
2.0273,0.037222
2.0818,0.11167
2.0773,0.037222
2,0.074444
2.1909,0.26055
2.1363,0.18611
2.2136,0.22333
2.1773,0.037222
2.1318,0.11167
2.1273,0.037222
2.2045,0.074444
2.1045,0.074444
1.9455,0.14889
2.0545,0.14889
1.9727,0.11167
2.0273,0.11167
2.2591,0.14889
2.1591,0.14889
2.2363,0.18611
2.2318,0.11167
2.1863,0.18611
2.1818,0.11167
1.8364,0.29778
1.9455,0.29778
1.8637,0.32305
1.8637,0.26055
2.1636,0.29778
2.0545,0.29778
2.1363,0.32305
2.1363,0.26055
1.9182,0.37361
1.9727,0.32305
1.8909,0.34833
1.9727,0.37361
1.9182,0.32305
1.9182,0.18611
1.9727,0.26055
1.8909,0.22333
1.9727,0.18611
1.9182,0.26055
2.0818,0.37361
2.0273,0.32305
2.1091,0.34833
2.0273,0.37361
2.0818,0.32305
2,0.34833
2.0818,0.18611
2.0273,0.26055
2.1091,0.22333
2.0273,0.18611
2.0818,0.26055
2,0.22333
1.4857,0.47001
1.457,0.41002
1.5209,0.44473
1.3997,0.29004
1.4283,0.35003
1.5914,0.39417
1.4922,0.38474
1.5561,0.41945
1.5066,0.41473
1.5732,0.032506
1.5195,0.097519
1.5232,0.032506
1.5959,0.069728
1.4122,0.22754
1.4658,0.16253
1.4232,0.032506
1.4695,0.097519
1.4732,0.032506
1.4963,0.065012
1.6414,0.14417
1.5422,0.13474
1.6186,0.10695
1.5691,0.10223
1.2232,0.032506
1.2695,0.097519
1.2732,0.032506
1.3622,0.22754
1.3158,0.16253
1.389,0.19504
1.3732,0.032506
1.3195,0.097519
1.3232,0.032506
1.3963,0.065012
1.2963,0.065012
1.4427,0.13002
1.3427,0.13002
1.4158,0.16253
1.4195,0.097519
1.3658,0.16253
1.3695,0.097519
1.7323,0.29306
1.6332,0.28363
1.6971,0.31834
1.7096,0.25584
1.4349,0.26477
1.534,0.2742
1.4492,0.29476
1.4617,0.23226
1.6266,0.36889
1.5979,0.30891
1.6618,0.34362
1.577,0.36418
1.6475,0.31362
1.6641,0.18139
1.6104,0.24641
1.6868,0.21862
1.6145,0.17668
1.66,0.25112
1.4779,0.35475
1.5484,0.30419
1.4636,0.32475
1.5275,0.35946
1.4988,0.29948
1.5627,0.33418
1.5154,0.16725
1.5609,0.24169
1.4886,0.19975
1.565,0.17196
1.5113,0.23698
1.5877,0.20918
2.5143,0.47001
2.543,0.41002
2.4791,0.44473
2.6003,0.29004
2.5717,0.35003
2.4086,0.39417
2.5078,0.38474
2.4439,0.41945
2.4934,0.41473
2.7768,0.032506
2.7305,0.097519
2.7268,0.032506
2.6378,0.22754
2.6842,0.16253
2.6268,0.032506
2.6805,0.097519
2.6768,0.032506
2.7037,0.065012
2.4268,0.032506
2.4805,0.097519
2.4768,0.032506
2.4041,0.069728
2.5878,0.22754
2.5342,0.16253
2.611,0.19504
2.5768,0.032506
2.5305,0.097519
2.5268,0.032506
2.6037,0.065012
2.5037,0.065012
2.3586,0.14417
2.4578,0.13474
2.3814,0.10695
2.4309,0.10223
2.6573,0.13002
2.5573,0.13002
2.6342,0.16253
2.6305,0.097519
2.5842,0.16253
2.5805,0.097519
2.2677,0.29306
2.3668,0.28363
2.3029,0.31834
2.2904,0.25584
2.5651,0.26477
2.466,0.2742
2.5508,0.29476
2.5383,0.23226
2.3734,0.36889
2.4021,0.30891
2.3382,0.34362
2.423,0.36418
2.3525,0.31362
2.3359,0.18139
2.3896,0.24641
2.3132,0.21862
2.3855,0.17668
2.34,0.25112
2.5221,0.35475
2.4516,0.30419
2.5364,0.32475
2.4725,0.35946
2.5012,0.29948
2.4373,0.33418
2.4846,0.16725
2.4391,0.24169
2.5114,0.19975
2.435,0.17196
2.4887,0.23698
2.4123,0.20918
3.4851,0.47001
3.4552,0.41002
3.3955,0.29004
3.4253,0.35003
3.5726,0.032506
3.5177,0.097519
3.5226,0.032506
3.408,0.22754
3.4628,0.16253
3.4226,0.032506
3.4677,0.097519
3.4726,0.032506
3.4951,0.065012
3.2226,0.032506
3.2677,0.097519
3.2726,0.032506
3.358,0.22754
3.3128,0.16253
3.3854,0.19504
3.3726,0.032506
3.3177,0.097519
3.3226,0.032506
3.3951,0.065012
3.2951,0.065012
3.4403,0.13002
3.3403,0.13002
3.4128,0.16253
3.4177,0.097519
3.3628,0.16253
3.3677,0.097519
0.51493,0.47001
0.54479,0.41002
0.60451,0.29004
0.57465,0.35003
0.77743,0.032506
0.73229,0.097519
0.72743,0.032506
0.64201,0.22754
0.68715,0.16253
0.62743,0.032506
0.68229,0.097519
0.67743,0.032506
0.70486,0.065012
0.42743,0.032506
0.48229,0.097519
0.47743,0.032506
0.59201,0.22754
0.53715,0.16253
0.61458,0.19504
0.57743,0.032506
0.53229,0.097519
0.52743,0.032506
0.60486,0.065012
0.50486,0.065012
0.65972,0.13002
0.55972,0.13002
0.63715,0.16253
0.63229,0.097519
0.58715,0.16253
0.58229,0.097519
0.031857,0.036781
0.09557,0.11034
0.031857,0.068031
0.081857,0.036781
0.223,0.25747
0.15928,0.18391
0.031857,0.13053
0.09557,0.14159
0.031857,0.099281
0.063714,0.10481
0.18186,0.036781
0.14557,0.11034
0.13186,0.036781
0.11371,0.073562
0.031857,0.47428
0.09557,0.42284
0.031857,0.44303
0.223,0.31997
0.15928,0.37141
0.031857,0.38053
0.09557,0.39159
0.031857,0.41178
0.063714,0.41731
0.46936,0.47428
0.40807,0.42284
0.48429,0.44429
0.2855,0.31997
0.34678,0.37141
0.51415,0.3843
0.423,0.39285
0.49922,0.41429
0.45364,0.41857
0.031857,0.25553
0.09557,0.26659
0.031857,0.28678
0.031857,0.22428
0.223,0.28872
0.15928,0.27766
0.19114,0.25194
0.19114,0.31444
0.031857,0.16178
0.09557,0.23534
0.031857,0.19303
0.063714,0.16731
0.063714,0.22981
0.031857,0.34928
0.09557,0.29784
0.031857,0.31803
0.063714,0.35481
0.063714,0.29231
0.12743,0.17837
0.12743,0.24087
0.15928,0.21516
0.09557,0.17284
0.15928,0.24641
0.09557,0.20409
0.12743,0.36587
0.12743,0.30337
0.15928,0.34016
0.09557,0.36034
0.15928,0.30891
0.09557,0.32909
0.38186,0.036781
0.34557,0.11034
0.33186,0.036781
0.40929,0.069287
0.273,0.25747
0.30928,0.18391
0.24114,0.22069
0.23186,0.036781
0.29557,0.11034
0.28186,0.036781
0.21371,0.073562
0.31371,0.073562
0.46415,0.1343
0.373,0.14285
0.43672,0.10179
0.39114,0.10607
0.17743,0.14712
0.27743,0.14712
0.20928,0.18391
0.19557,0.11034
0.25928,0.18391
0.24557,0.11034
0.57387,0.26432
0.48272,0.27287
0.55894,0.29432
0.54644,0.23182
0.30043,0.28997
0.39158,0.28142
0.33107,0.31569
0.31857,0.25319
0.52908,0.35431
0.46779,0.30287
0.54401,0.32431
0.48351,0.35858
0.51337,0.29859
0.49158,0.16681
0.45529,0.24037
0.51901,0.19931
0.44601,0.17108
0.50087,0.23609
0.39236,0.36713
0.42222,0.30714
0.36171,0.34141
0.43793,0.36286
0.37665,0.31142
0.45286,0.33286
0.35486,0.17963
0.40972,0.24464
0.33671,0.21641
0.40043,0.17536
0.36415,0.24892
0.42786,0.20786
3.5306,0.47428
3.5919,0.42284
3.5157,0.44429
3.7145,0.31997
3.6532,0.37141
3.4859,0.3843
3.577,0.39285
3.5008,0.41429
3.5464,0.41857
3.9681,0.47428
3.9044,0.42284
3.9681,0.44303
3.777,0.31997
3.8407,0.37141
3.9681,0.38053
3.9044,0.39159
3.9681,0.41178
3.9363,0.41731
3.9681,0.036781
3.9044,0.11034
3.9181,0.036781
3.9681,0.068031
3.777,0.25747
3.8407,0.18391
3.9681,0.13053
3.9044,0.14159
3.9681,0.099281
3.9363,0.10481
3.8181,0.036781
3.8544,0.11034
3.8681,0.036781
3.8863,0.073562
3.9681,0.25553
3.9044,0.26659
3.9681,0.22428
3.9681,0.28678
3.777,0.28872
3.8407,0.27766
3.8089,0.31444
3.8089,0.25194
3.9681,0.34928
3.9044,0.29784
3.9681,0.31803
3.9363,0.35481
3.9363,0.29231
3.9681,0.16178
3.9044,0.23534
3.9681,0.19303
3.9363,0.16731
3.9363,0.22981
3.8726,0.36587
3.8726,0.30337
3.8407,0.34016
3.9044,0.36034
3.8407,0.30891
3.9044,0.32909
3.8726,0.17837
3.8726,0.24087
3.8407,0.21516
3.9044,0.17284
3.8407,0.24641
3.9044,0.20409
3.6181,0.036781
3.6544,0.11034
3.6681,0.036781
3.5907,0.069287
3.727,0.25747
3.6907,0.18391
3.7589,0.22069
3.7681,0.036781
3.7044,0.11034
3.7181,0.036781
3.7863,0.073562
3.6863,0.073562
3.5359,0.1343
3.627,0.14285
3.5633,0.10179
3.6089,0.10607
3.8226,0.14712
3.7226,0.14712
3.7907,0.18391
3.8044,0.11034
3.7407,0.18391
3.7544,0.11034
3.4261,0.26432
3.5173,0.27287
3.4411,0.29432
3.4536,0.23182
3.6996,0.28997
3.6084,0.28142
3.6689,0.31569
3.6814,0.25319
3.4709,0.35431
3.5322,0.30287
3.456,0.32431
3.5165,0.35858
3.4866,0.29859
3.5084,0.16681
3.5447,0.24037
3.481,0.19931
3.554,0.17108
3.4991,0.23609
3.6076,0.36713
3.5778,0.30714
3.6383,0.34141
3.5621,0.36286
3.6234,0.31142
3.5471,0.33286
3.6451,0.17963
3.5903,0.24464
3.6633,0.21641
3.5996,0.17536
3.6359,0.24892
3.5721,0.20786
1.0003,0.47284
1.0009,0.41851
1.002,0.30986
1.0014,0.36418
1.1753,0.035336
1.1259,0.10601
1.1253,0.035336
1.1985,0.067843
1.027,0.24736
1.0764,0.17668
1.0253,0.035336
1.0759,0.10601
1.0753,0.035336
1.1006,0.070673
1.2448,0.13286
1.149,0.13852
1.2216,0.10035
1.1737,0.10318
0.82529,0.035336
0.87587,0.10601
0.87529,0.035336
0.80272,0.067843
0.97703,0.24736
0.92645,0.17668
1.0017,0.21202
0.97529,0.035336
0.92587,0.10601
0.92529,0.035336
1.0006,0.070673
0.90058,0.070673
0.75758,0.13286
0.8533,0.13852
0.78015,0.10035
0.82801,0.10318
1.0512,0.14135
0.95116,0.14135
1.0264,0.17668
1.0259,0.10601
0.97645,0.17668
0.97587,0.10601
1.3374,0.26288
1.2417,0.26854
1.3143,0.23037
1.0502,0.27986
1.1459,0.2742
1.0749,0.24453
1.2679,0.16536
1.2185,0.23603
1.2911,0.19787
1.2201,0.16819
1.2664,0.2332
1.1243,0.17385
1.1707,0.23886
1.0996,0.20919
1.1722,0.17102
1.1228,0.24169
1.1954,0.20353
0.6673,0.26288
0.76302,0.26854
0.68987,0.23037
0.95446,0.27986
0.85874,0.2742
0.92917,0.24453
0.73501,0.16536
0.78559,0.23603
0.71244,0.19787
0.78287,0.16819
0.73773,0.2332
0.87859,0.17385
0.83345,0.23886
0.90388,0.20919
0.83073,0.17102
0.88131,0.24169
0.80816,0.20353
2.9997,0.47284
2.9991,0.41851
2.998,0.30986
2.9986,0.36418
3.1747,0.035336
3.1241,0.10601
3.1247,0.035336
3.1973,0.067843
3.023,0.24736
3.0736,0.17668
3.0247,0.035336
3.0741,0.10601
3.0747,0.035336
3.0994,0.070673
3.2424,0.13286
3.1467,0.13852
3.2198,0.10035
3.172,0.10318
2.8247,0.035336
2.8741,0.10601
2.8747,0.035336
2.8015,0.067843
2.973,0.24736
2.9236,0.17668
2.9983,0.21202
2.9747,0.035336
2.9241,0.10601
2.9247,0.035336
2.9994,0.070673
2.8994,0.070673
2.7552,0.13286
2.851,0.13852
2.7784,0.10035
2.8263,0.10318
3.0488,0.14135
2.9488,0.14135
3.0236,0.17668
3.0241,0.10601
2.9736,0.17668
2.9741,0.10601
2.6626,0.26288
2.7583,0.26854
2.6857,0.23037
2.9498,0.27986
2.8541,0.2742
2.9251,0.24453
2.7321,0.16536
2.7815,0.23603
2.7089,0.19787
2.7799,0.16819
2.7336,0.2332
2.8757,0.17385
2.8293,0.23886
2.9004,0.20919
2.8278,0.17102
2.8772,0.24169
2.8046,0.20353
3.3327,0.26288
3.237,0.26854
3.3101,0.23037
3.0455,0.27986
3.1413,0.2742
3.0708,0.24453
3.265,0.16536
3.2144,0.23603
3.2876,0.19787
3.2171,0.16819
3.2623,0.2332
3.1214,0.17385
3.1666,0.23886
3.0961,0.20919
3.1693,0.17102
3.1187,0.24169
3.1918,0.20353
3.0287,0.50083
3.086,0.50248
3.0443,0.53208
3.0284,0.47366
3.2006,0.50579
3.1433,0.50414
3.0755,0.59458
3.1016,0.53373
3.0599,0.56333
3.0729,0.5329
3.0278,0.41934
3.0857,0.47532
3.0281,0.4465
3.057,0.47449
3.4662,0.50083
3.3985,0.50248
3.4505,0.53208
3.4512,0.47083
3.2631,0.50579
3.3308,0.50414
3.4193,0.59458
3.3828,0.53373
3.4349,0.56333
3.4167,0.5329
3.4214,0.41085
3.3835,0.47249
3.4363,0.44084
3.4174,0.47166
3.138,0.71958
3.1641,0.65873
3.1224,0.68833
3.1693,0.71958
3.2162,0.53704
3.1902,0.59789
3.1876,0.53621
3.0912,0.62583
3.1485,0.62748
3.1068,0.65708
3.1042,0.5954
3.1354,0.6579
3.2318,0.71958
3.1953,0.65873
3.2005,0.71958
3.1823,0.68915
3.1302,0.53456
3.1615,0.59706
3.1589,0.53539
3.1172,0.56498
3.1745,0.56664
3.1328,0.59623
3.3568,0.71958
3.3203,0.65873
3.3724,0.68833
3.3255,0.71958
3.2475,0.53704
3.2839,0.59789
3.2813,0.53621
3.2344,0.56746
3.4037,0.62583
3.336,0.62748
3.388,0.65708
3.3854,0.5954
3.3542,0.6579
3.263,0.71958
3.2891,0.65873
3.2943,0.71958
3.2448,0.68915
3.3073,0.68915
3.349,0.53456
3.3177,0.59706
3.3152,0.53539
3.3672,0.56498
3.2995,0.56664
3.3516,0.59623
3.2084,0.62831
3.2709,0.62831
3.2214,0.59789
3.2266,0.65873
3.2527,0.59789
3.2578,0.65873
3.3616,0.29087
3.3238,0.35251
3.3766,0.32086
3.3138,0.2937
3.2482,0.4758
3.286,0.41415
3.282,0.47497
3.4064,0.38085
3.3387,0.38251
3.3915,0.35086
3.3875,0.41167
3.3577,0.35169
3.2181,0.29936
3.276,0.35534
3.2659,0.29653
3.2949,0.32452
3.3497,0.47332
3.3198,0.41333
3.3158,0.47414
3.3686,0.44249
3.3009,0.44415
3.3537,0.4125
3.0266,0.31068
3.0845,0.36666
3.0269,0.33785
3.0745,0.30785
3.2003,0.47863
3.1424,0.42265
3.1716,0.4778
3.2192,0.44781
3.0275,0.39217
3.0848,0.39383
3.0272,0.36501
3.0564,0.42016
3.0559,0.36584
3.1702,0.30219
3.1324,0.36383
3.1223,0.30502
3.1992,0.33018
3.1034,0.33584
3.1143,0.47615
3.1138,0.42182
3.143,0.47697
3.0854,0.44815
3.1427,0.44981
3.0851,0.42099
3.257,0.38616
3.1613,0.39182
3.2381,0.41698
3.2281,0.35817
3.1903,0.41982
3.1802,0.361
2.5335,0.50072
2.6005,0.50216
2.5491,0.53197
2.5478,0.47073
2.7345,0.50505
2.6675,0.50361
2.5804,0.59447
2.6161,0.53341
2.5648,0.56322
2.5826,0.53269
2.5765,0.41074
2.6149,0.47217
2.5622,0.44073
2.5813,0.47145
2.971,0.50072
2.913,0.50216
2.9554,0.53197
2.9707,0.47356
2.797,0.50505
2.855,0.50361
2.9241,0.59447
2.8974,0.53341
2.9398,0.56322
2.9264,0.53269
2.9701,0.41923
2.9127,0.475
2.9704,0.44639
2.9417,0.47428
2.6429,0.71947
2.6786,0.65841
2.6273,0.68822
2.6741,0.71947
2.7502,0.5363
2.7144,0.59736
2.7167,0.53558
2.596,0.62572
2.663,0.62716
2.6116,0.65697
2.6139,0.59519
2.6451,0.65769
2.7366,0.71947
2.7099,0.65841
2.7054,0.71947
2.692,0.68894
2.6497,0.53413
2.6809,0.59663
2.6832,0.53486
2.6318,0.56466
2.6988,0.56611
2.6474,0.59591
2.8616,0.71947
2.8349,0.65841
2.8773,0.68822
2.8304,0.71947
2.7814,0.5363
2.8082,0.59736
2.8104,0.53558
2.7635,0.56683
2.9085,0.62572
2.8505,0.62716
2.8929,0.65697
2.8951,0.59519
2.8639,0.65769
2.7679,0.71947
2.8036,0.65841
2.7991,0.71947
2.7545,0.68894
2.817,0.68894
2.8684,0.53413
2.8372,0.59663
2.8394,0.53486
2.8818,0.56466
2.8238,0.56611
2.8661,0.59591
2.7278,0.62788
2.7903,0.62788
2.7457,0.59736
2.7411,0.65841
2.7769,0.59736
2.7724,0.65841
2.6339,0.29076
2.6722,0.35219
2.6195,0.32076
2.6817,0.29359
2.7489,0.47505
2.7105,0.41362
2.7154,0.47433
2.5908,0.38075
2.6579,0.38219
2.6052,0.35075
2.61,0.41146
2.6387,0.35147
2.7775,0.29926
2.7201,0.35502
2.7296,0.29643
2.7009,0.32431
2.6484,0.47289
2.677,0.4129
2.6819,0.47361
2.6292,0.44218
2.6962,0.44362
2.6435,0.41218
2.969,0.31058
2.9116,0.36635
2.9693,0.33774
2.9211,0.30775
2.7968,0.47788
2.8542,0.42211
2.8258,0.47716
2.7776,0.44717
2.9698,0.39207
2.9119,0.39351
2.9696,0.3649
2.9411,0.41995
2.9406,0.36562
2.8254,0.30209
2.8637,0.36352
2.8732,0.30492
2.7967,0.32997
2.8924,0.33563
2.8837,0.47572
2.8832,0.42139
2.8547,0.47644
2.9124,0.44784
2.8545,0.44928
2.9122,0.42067
2.7392,0.38574
2.835,0.3914
2.7584,0.41645
2.7679,0.35785
2.8063,0.41928
2.8158,0.36069
1.029,0.50072
1.087,0.50216
1.0446,0.53197
1.0293,0.47356
1.203,0.50505
1.145,0.50361
1.0759,0.59447
1.1026,0.53341
1.0602,0.56322
1.0736,0.53269
1.0299,0.41923
1.0873,0.475
1.0296,0.44639
1.0583,0.47428
1.4665,0.50072
1.3995,0.50216
1.4509,0.53197
1.4522,0.47073
1.2655,0.50505
1.3325,0.50361
1.4196,0.59447
1.3839,0.53341
1.4352,0.56322
1.4174,0.53269
1.4235,0.41074
1.3851,0.47217
1.4378,0.44073
1.4187,0.47145
1.1384,0.71947
1.1651,0.65841
1.1227,0.68822
1.1696,0.71947
1.2186,0.5363
1.1918,0.59736
1.1896,0.53558
1.0915,0.62572
1.1495,0.62716
1.1071,0.65697
1.1049,0.59519
1.1361,0.65769
1.2321,0.71947
1.1964,0.65841
1.2009,0.71947
1.183,0.68894
1.1316,0.53413
1.1628,0.59663
1.1606,0.53486
1.1182,0.56466
1.1762,0.56611
1.1339,0.59591
1.3571,0.71947
1.3214,0.65841
1.3727,0.68822
1.3259,0.71947
1.2498,0.5363
1.2856,0.59736
1.2833,0.53558
1.2365,0.56683
1.404,0.62572
1.337,0.62716
1.3884,0.65697
1.3861,0.59519
1.3549,0.65769
1.2634,0.71947
1.2901,0.65841
1.2946,0.71947
1.2455,0.68894
1.308,0.68894
1.3503,0.53413
1.3191,0.59663
1.3168,0.53486
1.3682,0.56466
1.3012,0.56611
1.3526,0.59591
1.2097,0.62788
1.2722,0.62788
1.2231,0.59736
1.2276,0.65841
1.2543,0.59736
1.2589,0.65841
1.3661,0.29076
1.3278,0.35219
1.3805,0.32076
1.3183,0.29359
1.2511,0.47505
1.2895,0.41362
1.2846,0.47433
1.4092,0.38075
1.3421,0.38219
1.3948,0.35075
1.39,0.41146
1.3613,0.35147
1.2225,0.29926
1.2799,0.35502
1.2704,0.29643
1.2991,0.32431
1.3516,0.47289
1.323,0.4129
1.3181,0.47361
1.3708,0.44218
1.3038,0.44362
1.3565,0.41218
1.031,0.31058
1.0884,0.36635
1.0307,0.33774
1.0789,0.30775
1.2032,0.47788
1.1458,0.42211
1.1742,0.47716
1.2224,0.44717
1.0302,0.39207
1.0881,0.39351
1.0304,0.3649
1.0589,0.41995
1.0594,0.36562
1.1746,0.30209
1.1363,0.36352
1.1268,0.30492
1.2033,0.32997
1.1076,0.33563
1.1163,0.47572
1.1168,0.42139
1.1453,0.47644
1.0876,0.44784
1.1455,0.44928
1.0878,0.42067
1.2608,0.38574
1.165,0.3914
1.2416,0.41645
1.2321,0.35785
1.1937,0.41928
1.1842,0.36069
0.53384,0.50083
0.60153,0.50248
0.54947,0.53208
0.54878,0.47083
0.73691,0.50579
0.66922,0.50414
0.58072,0.59458
0.61716,0.53373
0.56509,0.56333
0.58331,0.5329
0.57864,0.41085
0.61646,0.47249
0.56371,0.44084
0.58262,0.47166
0.97134,0.50083
0.91403,0.50248
0.95572,0.53208
0.97163,0.47366
0.79941,0.50579
0.85672,0.50414
0.92447,0.59458
0.89841,0.53373
0.94009,0.56333
0.92706,0.5329
0.97221,0.41934
0.91432,0.47532
0.97192,0.4465
0.94298,0.47449
0.64322,0.71958
0.67966,0.65873
0.62759,0.68833
0.67447,0.71958
0.75254,0.53704
0.7161,0.59789
0.71869,0.53621
0.59634,0.62583
0.66403,0.62748
0.61197,0.65708
0.61456,0.5954
0.64581,0.6579
0.73697,0.71958
0.71091,0.65873
0.70572,0.71958
0.69269,0.68915
0.651,0.53456
0.68225,0.59706
0.68485,0.53539
0.63278,0.56498
0.70047,0.56664
0.64841,0.59623
0.86197,0.71958
0.83591,0.65873
0.87759,0.68833
0.83072,0.71958
0.78379,0.53704
0.80985,0.59789
0.81244,0.53621
0.76557,0.56746
0.90884,0.62583
0.85153,0.62748
0.89322,0.65708
0.89581,0.5954
0.86456,0.6579
0.76822,0.71958
0.80466,0.65873
0.79947,0.71958
0.75519,0.68915
0.81769,0.68915
0.86975,0.53456
0.8385,0.59706
0.8411,0.53539
0.88278,0.56498
0.82547,0.56664
0.86716,0.59623
0.72913,0.62831
0.79163,0.62831
0.74735,0.59789
0.74216,0.65873
0.7786,0.59789
0.77341,0.65873
0.63836,0.29087
0.67619,0.35251
0.62343,0.32086
0.68622,0.2937
0.75184,0.4758
0.71401,0.41415
0.718,0.47497
0.59357,0.38085
0.66126,0.38251
0.6085,0.35086
0.61248,0.41167
0.64234,0.35169
0.78193,0.29936
0.72405,0.35534
0.73408,0.29653
0.70513,0.32452
0.65031,0.47332
0.68017,0.41333
0.68415,0.47414
0.63139,0.44249
0.69908,0.44415
0.64633,0.4125
0.97337,0.31068
0.91548,0.36666
0.97308,0.33785
0.92551,0.30785
0.7997,0.47863
0.85759,0.42265
0.82836,0.4778
0.78079,0.44781
0.9725,0.39217
0.91519,0.39383
0.97279,0.36501
0.94356,0.42016
0.94414,0.36584
0.82979,0.30219
0.86762,0.36383
0.87765,0.30502
0.80085,0.33018
0.89657,0.33584
0.88567,0.47615
0.88625,0.42182
0.85701,0.47697
0.91461,0.44815
0.8573,0.44981
0.9149,0.42099
0.74296,0.38616
0.83868,0.39182
0.76187,0.41698
0.7719,0.35817
0.80973,0.41982
0.81976,0.361
3.5312,0.50715
3.5938,0.52144
3.5469,0.5384
3.5619,0.48143
3.7188,0.55003
3.6562,0.53574
3.5781,0.6009
3.6094,0.55269
3.5625,0.56965
3.5781,0.54554
3.6232,0.42999
3.6244,0.49572
3.5925,0.45571
3.5931,0.48858
3.9688,0.50715
3.9062,0.52144
3.9531,0.5384
3.9369,0.48143
3.7812,0.55003
3.8438,0.53574
3.9219,0.6009
3.8906,0.55269
3.9375,0.56965
3.9219,0.54554
3.8732,0.42999
3.8744,0.49572
3.905,0.45571
3.9056,0.48858
3.6406,0.7259
3.6719,0.67769
3.625,0.69465
3.6719,0.7259
3.7344,0.58128
3.7031,0.62949
3.7031,0.57413
3.5938,0.63215
3.6562,0.64644
3.6094,0.6634
3.6094,0.60804
3.6406,0.67054
3.7344,0.7259
3.7031,0.67769
3.7031,0.7259
3.6875,0.70179
3.6406,0.55984
3.6719,0.62234
3.6719,0.56699
3.625,0.58394
3.6875,0.59824
3.6406,0.61519
3.8594,0.7259
3.8281,0.67769
3.875,0.69465
3.8281,0.7259
3.7656,0.58128
3.7969,0.62949
3.7969,0.57413
3.75,0.60538
3.9062,0.63215
3.8438,0.64644
3.8906,0.6634
3.8906,0.60804
3.8594,0.67054
3.7656,0.7259
3.7969,0.67769
3.7969,0.7259
3.75,0.70179
3.8125,0.70179
3.8594,0.55984
3.8281,0.62234
3.8281,0.56699
3.875,0.58394
3.8125,0.59824
3.8594,0.61519
3.7188,0.65359
3.7812,0.65359
3.7344,0.62949
3.7344,0.67769
3.7656,0.62949
3.7656,0.67769
3.7458,0.32712
3.747,0.39285
3.7151,0.35283
3.7776,0.35283
3.7494,0.52431
3.7482,0.45858
3.7181,0.51717
3.7806,0.51717
3.6538,0.40427
3.7163,0.41857
3.6845,0.37855
3.6544,0.43714
3.7157,0.3857
3.8413,0.40427
3.7788,0.41857
3.8095,0.37855
3.8419,0.43714
3.7782,0.3857
3.6556,0.50287
3.7169,0.45143
3.6869,0.51002
3.655,0.47
3.7175,0.4843
3.6857,0.44429
3.8431,0.50287
3.7794,0.45143
3.8119,0.51002
3.8425,0.47
3.78,0.4843
3.8107,0.44429
2.0305,0.50715
2.0916,0.52144
2.0462,0.5384
2.0578,0.48187
2.2138,0.55003
2.1527,0.53574
2.0774,0.6009
2.1072,0.55269
2.0618,0.56965
2.0767,0.54554
2.1123,0.43131
2.1189,0.49616
2.0851,0.45659
2.0883,0.48902
2.468,0.50715
2.4041,0.52144
2.4524,0.5384
2.4328,0.48187
2.2763,0.55003
2.3402,0.53574
2.4212,0.6009
2.3885,0.55269
2.4368,0.56965
2.4204,0.54554
2.3623,0.43131
2.3689,0.49616
2.3976,0.45659
2.4008,0.48902
2.1399,0.7259
2.1697,0.67769
2.1243,0.69465
2.1712,0.7259
2.2294,0.58128
2.1996,0.62949
2.1988,0.57413
2.093,0.63215
2.1541,0.64644
2.1087,0.6634
2.1079,0.60804
2.1392,0.67054
2.2337,0.7259
2.201,0.67769
2.2024,0.7259
2.1861,0.70179
2.1378,0.55984
2.169,0.62234
2.1683,0.56699
2.1229,0.58394
2.1839,0.59824
2.1385,0.61519
2.3587,0.7259
2.326,0.67769
2.3743,0.69465
2.3274,0.7259
2.2606,0.58128
2.2933,0.62949
2.2926,0.57413
2.2457,0.60538
2.4055,0.63215
2.3416,0.64644
2.3899,0.6634
2.3892,0.60804
2.3579,0.67054
2.2649,0.7259
2.2947,0.67769
2.2962,0.7259
2.2486,0.70179
2.3111,0.70179
2.3565,0.55984
2.3253,0.62234
2.3246,0.56699
2.3729,0.58394
2.3089,0.59824
2.3572,0.61519
2.2159,0.65359
2.2784,0.65359
2.2308,0.62949
2.2322,0.67769
2.2621,0.62949
2.2635,0.67769
2.2214,0.3302
2.2279,0.39505
2.1941,0.35548
2.2566,0.35548
2.241,0.52475
2.2345,0.4599
2.2105,0.51761
2.273,0.51761
2.1396,0.40604
2.2007,0.42033
2.1669,0.38076
2.1429,0.43846
2.1974,0.3879
2.3271,0.40604
2.2632,0.42033
2.2919,0.38076
2.3304,0.43846
2.2599,0.3879
2.1494,0.50331
2.2039,0.45276
2.1799,0.51046
2.1461,0.47089
2.2072,0.48518
2.1734,0.44561
2.3369,0.50331
2.2664,0.45276
2.3049,0.51046
2.3336,0.47089
2.2697,0.48518
2.2984,0.44561
1.532,0.50715
1.5959,0.52144
1.5476,0.5384
1.5672,0.48187
1.7238,0.55003
1.6598,0.53574
1.5788,0.6009
1.6115,0.55269
1.5632,0.56965
1.5796,0.54554
1.6377,0.43131
1.6311,0.49616
1.6024,0.45659
1.5992,0.48902
1.9695,0.50715
1.9084,0.52144
1.9538,0.5384
1.9422,0.48187
1.7863,0.55003
1.8473,0.53574
1.9226,0.6009
1.8928,0.55269
1.9382,0.56965
1.9233,0.54554
1.8877,0.43131
1.8811,0.49616
1.9149,0.45659
1.9117,0.48902
1.6413,0.7259
1.674,0.67769
1.6257,0.69465
1.6726,0.7259
1.7394,0.58128
1.7067,0.62949
1.7074,0.57413
1.5945,0.63215
1.6584,0.64644
1.6101,0.6634
1.6108,0.60804
1.6421,0.67054
1.7351,0.7259
1.7053,0.67769
1.7038,0.7259
1.6889,0.70179
1.6435,0.55984
1.6747,0.62234
1.6754,0.56699
1.6271,0.58394
1.6911,0.59824
1.6428,0.61519
1.8601,0.7259
1.8303,0.67769
1.8757,0.69465
1.8288,0.7259
1.7706,0.58128
1.8004,0.62949
1.8012,0.57413
1.7543,0.60538
1.907,0.63215
1.8459,0.64644
1.8913,0.6634
1.8921,0.60804
1.8608,0.67054
1.7663,0.7259
1.799,0.67769
1.7976,0.7259
1.7514,0.70179
1.8139,0.70179
1.8622,0.55984
1.831,0.62234
1.8317,0.56699
1.8771,0.58394
1.8161,0.59824
1.8615,0.61519
1.7216,0.65359
1.7841,0.65359
1.7379,0.62949
1.7365,0.67769
1.7692,0.62949
1.7678,0.67769
1.7786,0.3302
1.7721,0.39505
1.7434,0.35548
1.8059,0.35548
1.759,0.52475
1.7655,0.4599
1.727,0.51761
1.7895,0.51761
1.6729,0.40604
1.7368,0.42033
1.7081,0.38076
1.6696,0.43846
1.7401,0.3879
1.8604,0.40604
1.7993,0.42033
1.8331,0.38076
1.8571,0.43846
1.8026,0.3879
1.6631,0.50331
1.7336,0.45276
1.6951,0.51046
1.6664,0.47089
1.7303,0.48518
1.7016,0.44561
1.8506,0.50331
1.7961,0.45276
1.8201,0.51046
1.8539,0.47089
1.7928,0.48518
1.8266,0.44561
0.03125,0.50715
0.09375,0.52144
0.046875,0.5384
0.063107,0.48143
0.21875,0.55003
0.15625,0.53574
0.078125,0.6009
0.10938,0.55269
0.0625,0.56965
0.078125,0.54554
0.12682,0.42999
0.12561,0.49572
0.094964,0.45571
0.094357,0.48858
0.46875,0.50715
0.40625,0.52144
0.45312,0.5384
0.43811,0.48143
0.28125,0.55003
0.34375,0.53574
0.42188,0.6009
0.39062,0.55269
0.4375,0.56965
0.42188,0.54554
0.37682,0.42999
0.37561,0.49572
0.40746,0.45571
0.40686,0.48858
0.14062,0.7259
0.17188,0.67769
0.125,0.69465
0.17188,0.7259
0.23438,0.58128
0.20312,0.62949
0.20312,0.57413
0.09375,0.63215
0.15625,0.64644
0.10938,0.6634
0.10938,0.60804
0.14062,0.67054
0.23438,0.7259
0.20312,0.67769
0.20312,0.7259
0.1875,0.70179
0.14062,0.55984
0.17188,0.62234
0.17188,0.56699
0.125,0.58394
0.1875,0.59824
0.14062,0.61519
0.35938,0.7259
0.32812,0.67769
0.375,0.69465
0.32812,0.7259
0.26562,0.58128
0.29688,0.62949
0.29688,0.57413
0.25,0.60538
0.40625,0.63215
0.34375,0.64644
0.39062,0.6634
0.39062,0.60804
0.35938,0.67054
0.26562,0.7259
0.29688,0.67769
0.29688,0.7259
0.25,0.70179
0.3125,0.70179
0.35938,0.55984
0.32812,0.62234
0.32812,0.56699
0.375,0.58394
0.3125,0.59824
0.35938,0.61519
0.21875,0.65359
0.28125,0.65359
0.23438,0.62949
0.23438,0.67769
0.26562,0.62949
0.26562,0.67769
0.25425,0.32712
0.25303,0.39285
0.22239,0.35283
0.28489,0.35283
0.25061,0.52431
0.25182,0.45858
0.21936,0.51717
0.28186,0.51717
0.15868,0.40427
0.22118,0.41857
0.19053,0.37855
0.15807,0.43714
0.22178,0.3857
0.34618,0.40427
0.28368,0.41857
0.31553,0.37855
0.34557,0.43714
0.28428,0.3857
0.15686,0.50287
0.22057,0.45143
0.18811,0.51002
0.15746,0.47
0.21996,0.4843
0.18932,0.44429
0.34436,0.50287
0.28307,0.45143
0.31311,0.51002
0.34496,0.47
0.28246,0.4843
0.31432,0.44429
